,precision,recall,f1-score,support
0,0.8,0.8875,0.8414814814814814,320.0
1,0.8762886597938144,0.7822085889570553,0.8265802269043759,326.0
accuracy,0.8343653250773994,0.8343653250773994,0.8343653250773994,0.8343653250773994
macro avg,0.8381443298969072,0.8348542944785275,0.8340308541929287,646.0
weighted avg,0.8384986115987361,0.8343653250773994,0.8339616533202796,646.0
