,accuracy,loss
0,84.83721017837524,0.45269304513931274
1,82.41860270500183,0.45791757106781006
2,84.91619825363159,0.43339383602142334
