,accuracy,loss
0,83.25581550598145,0.4449298679828644
1,84.74418520927429,0.4277394115924835
2,82.6815664768219,0.5008293390274048
