,accuracy,loss
0,84.74418520927429,0.4973698556423187
1,83.90697836875916,0.48268941044807434
2,81.93668723106384,0.6033589839935303
