,accuracy,loss
0,50.325578451156616,3.036233901977539
1,63.8139545917511,1.2503212690353394
2,65.36312699317932,1.3171429634094238
