,accuracy,loss
0,73.76744151115417,0.704190194606781
1,71.53488397598267,0.6193240284919739
2,74.76722598075867,0.6467859745025635
