,accuracy,loss
0,71.81395292282104,0.7322289943695068
1,74.51162934303284,0.7079283595085144
2,74.301677942276,0.683473527431488
