,precision,recall,f1-score,support
0,0.8333333333333334,0.875,0.8536585365853658,320.0
1,0.8709677419354839,0.8282208588957055,0.8490566037735848,326.0
accuracy,0.8513931888544891,0.8513931888544891,0.8513931888544891,0.8513931888544891
macro avg,0.8521505376344086,0.8516104294478528,0.8513575701794753,646.0
weighted avg,0.8523253104297747,0.8513931888544891,0.8513361989744671,646.0
