,precision,recall,f1-score,support
0,0.8194444444444444,0.7375,0.7763157894736842,320.0
1,0.7653631284916201,0.8404907975460123,0.8011695906432748,326.0
accuracy,0.7894736842105263,0.7894736842105263,0.7894736842105263,0.7894736842105263
macro avg,0.7924037864680322,0.7889953987730062,0.7887426900584795,646.0
weighted avg,0.7921526348459603,0.7894736842105263,0.7888581101877501,646.0
