,accuracy,loss
0,77.11628079414368,3.693222999572754
1,87.72093057632446,1.4946905374526978
2,82.21601247787476,2.485330104827881
