,accuracy,loss
0,85.20930409431458,2.3253228664398193
1,83.06976556777954,2.386273145675659
2,79.42271828651428,3.8034582138061523
