,accuracy,loss
0,85.67441701889038,1.7761226892471313
1,85.67441701889038,2.0557444095611572
2,84.54376459121704,1.9646923542022705
